Prompt-1;Prompt-2;Prompt-3;Prompt-4;Prompt-5
0.6666666666666666;1.0;1.0;1.0;2.3333333333333335
1.0;1.0;0.9333333333333332;1.1666666666666667;2.1666666666666665
0.8666666666666667;2.3333333333333335;0.6666666666666666;0.9333333333333332;2.6666666666666665
