Prompt-1;Prompt-2;Prompt-3;Prompt-4;Prompt-5
1.0;1.3333333333333333;1.0;1.0;2.3333333333333335
1.2333333333333334;1.0999999999999999;1.0;1.0;1.1333333333333335
0.8666666666666667;1.0;0.8666666666666667;0.9333333333333332;1.6666666666666667
