Prompt-1;Prompt-2;Prompt-3;Prompt-4;Prompt-5
0.6666666666666666;1.0;0.6666666666666666;1.0;1.0
1.5999999999999999;1.0;0.7999999999999999;1.0999999999999999;1.0999999999999999
1.0333333333333332;1.3333333333333333;0.9333333333333332;1.0;1.0666666666666667
