Prompt-1;Prompt-2;Prompt-3;Prompt-4;Prompt-5
2.6666666666666665;1.3333333333333333;2.3333333333333335;2.3333333333333335;2.3333333333333335
3.0666666666666664;1.7666666666666666;2.566666666666667;3.0;3.0
2.3666666666666667;1.8666666666666665;3.266666666666667;3.033333333333333;3.3333333333333335
