Prompt-1;Prompt-2;Prompt-3;Prompt-4;Prompt-5
1.0;1.0;0.0;1.0;1.0
1.0;1.0;0.8000000000000002;1.0;1.0
0.9333333333333332;2.1666666666666665;0.8000000000000002;1.0;1.1666666666666667
