Prompt-1;Prompt-2;Prompt-3;Prompt-4;Prompt-5
1.0;1.0;0.6666666666666666;1.0;1.0
1.4000000000000001;1.0666666666666667;0.8666666666666667;0.9333333333333332;1.0
1.2666666666666666;1.6666666666666667;0.9333333333333332;1.0;1.0
